Study area,Study area,Study area,Region,Region,Region,Region,Line transect,Line transect,Line transect,Line transect,segment,segment,segment,segment,segment,segment,observation,observation,observation,observation,observation,observation,observation,observation
ID,Label,Shape,ID,Label,Area,Shape,ID,Label,Line length,Shape,ID,Label,Effort,latitude,longitude,depth,ID,psd,species,cluster size,beaufort,observer,detected,object
ID,Label,Shape,ID,Label,Decimal,Shape,ID,Label,Decimal,Shape,ID,Label,Decimal,Decimal,Decimal,Decimal,ID,Decimal,Integer,Integer,Integer,Integer,Integer,Integer
n/a,n/a,n/a,n/a,n/a,km2,n/a,n/a,n/a,km,n/a,n/a,n/a,km,[None],[None],[None],n/a,m,[None],[None],[None],[None],[None],[None]
Int,Int,Geog,Int,Int,Int,Geog,Int,Int,Int,Geog,Int,Int,Int,Int,Int,Int,Int,Int,Int,Int,Int,Int,Int,Int
1,dolphins,Polygon,1,220,0,Polygon,1,19960417,125.1,Line,1,19960417-1,13.8,29.94378,-86.92712,135
1,dolphins,Polygon,1,220,0,Polygon,1,19960417,125.1,Line,2,19960417-2,14,29.8403,-86.83176,147.7
1,dolphins,Polygon,1,220,0,Polygon,1,19960417,125.1,Line,3,19960417-3,14,29.75279,-86.74445,152.1
1,dolphins,Polygon,1,220,0,Polygon,1,19960417,125.1,Line,4,19960417-4,13.9,29.65522,-86.6523,163.8
1,dolphins,Polygon,1,220,0,Polygon,1,19960417,125.1,Line,5,19960417-5,13.8,29.56088,-86.56648,179.7
1,dolphins,Polygon,1,220,0,Polygon,1,19960417,125.1,Line,6,19960417-6,13.8,29.49,-86.4929,188.5
1,dolphins,Polygon,1,220,0,Polygon,1,19960417,125.1,Line,7,19960417-7,14,29.39514,-86.39415,205.2
1,dolphins,Polygon,1,220,0,Polygon,1,19960417,125.1,Line,8,19960417-8,14,29.29666,-86.2971,227.7
1,dolphins,Polygon,1,220,0,Polygon,1,19960417,125.1,Line,9,19960417-9,13.9,29.20488,-86.20247,235.6
1,dolphins,Polygon,1,220,0,Polygon,2,19960418,134.9,Line,10,19960418-1,14.8,27.93475,-84.99699,255.5
1,dolphins,Polygon,1,220,0,Polygon,2,19960418,134.9,Line,11,19960418-2,14.6,27.79971,-84.99755,299
1,dolphins,Polygon,1,220,0,Polygon,2,19960418,134.9,Line,12,19960418-3,15,27.66898,-84.99861,329.5
1,dolphins,Polygon,1,220,0,Polygon,2,19960418,134.9,Line,13,19960418-4,15,27.54261,-85.0082,368
1,dolphins,Polygon,1,220,0,Polygon,2,19960418,134.9,Line,14,19960418-5,14.6,27.44775,-84.99946,389.9
1,dolphins,Polygon,1,220,0,Polygon,2,19960418,134.9,Line,15,19960418-6,14.7,27.30895,-85.00001,445.3
1,dolphins,Polygon,1,220,0,Polygon,2,19960418,134.9,Line,16,19960418-7,14.8,27.19176,-84.97958,459.2
1,dolphins,Polygon,1,220,0,Polygon,2,19960418,134.9,Line,17,19960418-8,14.9,27.06417,-84.9925,578
1,dolphins,Polygon,1,220,0,Polygon,2,19960418,134.9,Line,18,19960418-9,16.5,26.92278,-85.00559,880
1,dolphins,Polygon,1,220,0,Polygon,3,19960419,179.6,Line,19,19960419-1,19,25.99844,-84.40604,203.4
1,dolphins,Polygon,1,220,0,Polygon,3,19960419,179.6,Line,20,19960419-2,18.9,25.99844,-84.20924,168.3
1,dolphins,Polygon,1,220,0,Polygon,3,19960419,179.6,Line,21,19960419-3,18.7,25.98879,-84.04637,142.9
1,dolphins,Polygon,1,220,0,Polygon,3,19960419,179.6,Line,22,19960419-4,18.6,25.85215,-83.99635,137.2
1,dolphins,Polygon,1,220,0,Polygon,3,19960419,179.6,Line,23,19960419-5,19,25.69694,-84.00006,134.9
1,dolphins,Polygon,1,220,0,Polygon,3,19960419,179.6,Line,24,19960419-6,18.8,25.51488,-84.00131,133
1,dolphins,Polygon,1,220,0,Polygon,3,19960419,179.6,Line,25,19960419-7,18.3,25.35888,-84.00172,130.3
1,dolphins,Polygon,1,220,0,Polygon,3,19960419,179.6,Line,26,19960419-8,18.6,25.18831,-84.00309,121.5
1,dolphins,Polygon,1,220,0,Polygon,3,19960419,179.6,Line,27,19960419-9,29.8,24.98487,-83.99933,124.8
1,dolphins,Polygon,1,220,0,Polygon,4,19960420,176.9,Line,28,19960420-1,18.8,24.65688,-85.00004,3392.3
1,dolphins,Polygon,1,220,0,Polygon,4,19960420,176.9,Line,29,19960420-2,18.5,24.81359,-85.00008,3365.8
1,dolphins,Polygon,1,220,0,Polygon,4,19960420,176.9,Line,30,19960420-3,18.8,24.97164,-84.98983,3348.4
1,dolphins,Polygon,1,220,0,Polygon,4,19960420,176.9,Line,31,19960420-4,18.6,24.9882,-85.00855,3344.1
1,dolphins,Polygon,1,220,0,Polygon,4,19960420,176.9,Line,32,19960420-5,18.8,24.99911,-85.16027,3333
1,dolphins,Polygon,1,220,0,Polygon,4,19960420,176.9,Line,33,19960420-6,18.4,25.00044,-85.31225,3324.5
1,dolphins,Polygon,1,220,0,Polygon,4,19960420,176.9,Line,34,19960420-7,19,25.00132,-85.48997,3298.5
1,dolphins,Polygon,1,220,0,Polygon,4,19960420,176.9,Line,35,19960420-8,18.9,25.0043,-85.63721,3294.6
1,dolphins,Polygon,1,220,0,Polygon,4,19960420,176.9,Line,36,19960420-9,27.1,25.00117,-85.86677,3289.1
1,dolphins,Polygon,1,220,0,Polygon,5,19960421,209.3,Line,37,19960421-1,21.5,26.22463,-85.99077,3222.3
1,dolphins,Polygon,1,220,0,Polygon,5,19960421,209.3,Line,38,19960421-2,21.7,26.43357,-85.99837,3209.7
1,dolphins,Polygon,1,220,0,Polygon,5,19960421,209.3,Line,39,19960421-3,22,26.56201,-85.98056,3215.3
1,dolphins,Polygon,1,220,0,Polygon,5,19960421,209.3,Line,40,19960421-4,22,26.75711,-85.99169,3247.1
1,dolphins,Polygon,1,220,0,Polygon,5,19960421,209.3,Line,41,19960421-5,21.7,26.97316,-86.00006,3218.3
1,dolphins,Polygon,1,220,0,Polygon,5,19960421,209.3,Line,42,19960421-6,21.3,27.11099,-85.99995,3231.2
1,dolphins,Polygon,1,220,0,Polygon,5,19960421,209.3,Line,43,19960421-7,21.4,27.30261,-86.00106,3226.6
1,dolphins,Polygon,1,220,0,Polygon,5,19960421,209.3,Line,44,19960421-8,21.5,27.49496,-86.00129,3225.2
1,dolphins,Polygon,1,220,0,Polygon,5,19960421,209.3,Line,45,19960421-9,36.3,27.72872,-86.00159,3090.4,1,3296.6362632,39,21,4,1,1,1
1,dolphins,Polygon,1,220,0,Polygon,6,19960422,183.6,Line,46,19960422-1,19.9,28.99972,-86.60822,413.7
1,dolphins,Polygon,1,220,0,Polygon,6,19960422,183.6,Line,47,19960422-2,20,29.00952,-86.80838,511.4
1,dolphins,Polygon,1,220,0,Polygon,6,19960422,183.6,Line,48,19960422-3,19.8,28.99215,-86.98759,654.2
1,dolphins,Polygon,1,220,0,Polygon,6,19960422,183.6,Line,49,19960422-4,19.9,28.85341,-86.99433,676.2
1,dolphins,Polygon,1,220,0,Polygon,6,19960422,183.6,Line,50,19960422-5,19.5,28.68643,-87.00324,729.3
1,dolphins,Polygon,1,220,0,Polygon,6,19960422,183.6,Line,51,19960422-6,19.9,28.51863,-86.99932,814.7
1,dolphins,Polygon,1,220,0,Polygon,6,19960422,183.6,Line,52,19960422-7,19.4,28.36373,-87.00101,967
1,dolphins,Polygon,1,220,0,Polygon,6,19960422,183.6,Line,53,19960422-8,19.7,28.19253,-87.0019,2169.6
1,dolphins,Polygon,1,220,0,Polygon,6,19960422,183.6,Line,54,19960422-9,25.4,27.99917,-87.01026,2839.7
1,dolphins,Polygon,1,220,0,Polygon,7,19960423,163,Line,55,19960423-1,17.7,26.47778,-86.99241,3007.7
1,dolphins,Polygon,1,220,0,Polygon,7,19960423,163,Line,56,19960423-2,18,26.29367,-86.99256,3070.6
1,dolphins,Polygon,1,220,0,Polygon,7,19960423,163,Line,57,19960423-3,17.7,26.21388,-87.05917,3097.8
1,dolphins,Polygon,1,220,0,Polygon,7,19960423,163,Line,58,19960423-4,17.8,26.14225,-87.20739,3119.8
1,dolphins,Polygon,1,220,0,Polygon,7,19960423,163,Line,59,19960423-5,17.6,26.06968,-87.37485,3122.1
1,dolphins,Polygon,1,220,0,Polygon,7,19960423,163,Line,60,19960423-6,17.8,26.01167,-87.49841,3131.8
1,dolphins,Polygon,1,220,0,Polygon,7,19960423,163,Line,61,19960423-7,17.8,25.99896,-87.62712,3105.5,2,929.19374995,39,150,4,1,1,2
1,dolphins,Polygon,1,220,0,Polygon,7,19960423,163,Line,62,19960423-8,17.7,26.00031,-87.8015,3045.9
1,dolphins,Polygon,1,220,0,Polygon,7,19960423,163,Line,63,19960423-9,21,26.00693,-87.94881,3004.4,3,6051.0008776,39,125,2,1,1,3
1,dolphins,Polygon,1,220,0,Polygon,8,19960424,138.9,Line,64,19960424-1,13.4,27.48995,-88.00436,2584.5
1,dolphins,Polygon,1,220,0,Polygon,8,19960424,138.9,Line,65,19960424-2,56.9,27.51483,-87.993,2591
1,dolphins,Polygon,1,220,0,Polygon,8,19960424,138.9,Line,66,19960424-3,68.6,28.34021,-87.99446,2355.8
1,dolphins,Polygon,1,220,0,Polygon,9,19960425,176.9,Line,67,19960425-1,18.8,28.99763,-88.61804,379.9
1,dolphins,Polygon,1,220,0,Polygon,9,19960425,176.9,Line,68,19960425-2,18.7,28.99745,-88.80229,190.5
1,dolphins,Polygon,1,220,0,Polygon,9,19960425,176.9,Line,69,19960425-3,18.7,28.98924,-88.99283,78.3
1,dolphins,Polygon,1,220,0,Polygon,9,19960425,176.9,Line,70,19960425-4,19,28.85225,-89.01425,234.1
1,dolphins,Polygon,1,220,0,Polygon,9,19960425,176.9,Line,71,19960425-5,18.9,28.69091,-89.00448,641.3
1,dolphins,Polygon,1,220,0,Polygon,9,19960425,176.9,Line,72,19960425-6,18.5,28.52089,-88.99183,828
1,dolphins,Polygon,1,220,0,Polygon,9,19960425,176.9,Line,73,19960425-7,18.5,28.38982,-88.9897,1076.1
1,dolphins,Polygon,1,220,0,Polygon,9,19960425,176.9,Line,74,19960425-8,19,28.22001,-88.994,1295
1,dolphins,Polygon,1,220,0,Polygon,9,19960425,176.9,Line,75,19960425-9,26.9,28.01932,-88.99953,1431.8
1,dolphins,Polygon,1,220,0,Polygon,10,19960426,206.9,Line,76,19960426-1,21.3,26.35662,-89.00032,2844.8
1,dolphins,Polygon,1,220,0,Polygon,10,19960426,206.9,Line,77,19960426-2,21.4,26.17341,-89.00661,2962.6
1,dolphins,Polygon,1,220,0,Polygon,10,19960426,206.9,Line,78,19960426-3,21.5,26.00104,-88.99944,3070.6
1,dolphins,Polygon,1,220,0,Polygon,10,19960426,206.9,Line,79,19960426-4,21.5,25.98713,-89.09197,3098.3
1,dolphins,Polygon,1,220,0,Polygon,10,19960426,206.9,Line,80,19960426-5,21.7,25.99686,-89.29174,3127
1,dolphins,Polygon,1,220,0,Polygon,10,19960426,206.9,Line,81,19960426-6,21.6,25.99753,-89.49674,3143.6
1,dolphins,Polygon,1,220,0,Polygon,10,19960426,206.9,Line,82,19960426-7,21.5,26.00069,-89.71314,3173
1,dolphins,Polygon,1,220,0,Polygon,10,19960426,206.9,Line,83,19960426-8,21.9,26.00562,-89.93835,3214.1
1,dolphins,Polygon,1,220,0,Polygon,10,19960426,206.9,Line,84,19960426-9,34.4,26.13554,-89.99819,3189.4
1,dolphins,Polygon,1,220,0,Polygon,11,19960427,209,Line,85,19960427-1,21.8,27.50344,-90.44891,1107.7,4,5499.6971336,39,75,1,1,1,4
1,dolphins,Polygon,1,220,0,Polygon,11,19960427,209,Line,86,19960427-2,21.9,27.50533,-90.5819,1092.2
1,dolphins,Polygon,1,220,0,Polygon,11,19960427,209,Line,87,19960427-3,21.8,27.51468,-90.80306,1182.9
1,dolphins,Polygon,1,220,0,Polygon,11,19960427,209,Line,88,19960427-4,21.7,27.51848,-90.9725,1052.5
1,dolphins,Polygon,1,220,0,Polygon,11,19960427,209,Line,89,19960427-5,21.5,27.38495,-90.99174,1319.7
1,dolphins,Polygon,1,220,0,Polygon,11,19960427,209,Line,90,19960427-6,21.4,27.19481,-91.00046,1483.6
1,dolphins,Polygon,1,220,0,Polygon,11,19960427,209,Line,91,19960427-7,21.4,27.00835,-91.00018,1847.3
1,dolphins,Polygon,1,220,0,Polygon,11,19960427,209,Line,92,19960427-8,21.9,26.84162,-91.00087,2027.4
1,dolphins,Polygon,1,220,0,Polygon,11,19960427,209,Line,93,19960427-9,35.6,26.58425,-90.99901,2104
1,dolphins,Polygon,1,220,0,Polygon,12,19960428,215.8,Line,94,19960428-1,22.8,26.11139,-92.00225,2237
1,dolphins,Polygon,1,220,0,Polygon,12,19960428,215.8,Line,95,19960428-2,22.6,26.30829,-91.99991,2023.1
1,dolphins,Polygon,1,220,0,Polygon,12,19960428,215.8,Line,96,19960428-3,22.5,26.49428,-91.99864,1997.2
1,dolphins,Polygon,1,220,0,Polygon,12,19960428,215.8,Line,97,19960428-4,23,26.68817,-91.99575,1917.5
1,dolphins,Polygon,1,220,0,Polygon,12,19960428,215.8,Line,98,19960428-5,23,26.87858,-91.9953,1809.1
1,dolphins,Polygon,1,220,0,Polygon,12,19960428,215.8,Line,99,19960428-6,23,27.03106,-91.99557,1575.8
1,dolphins,Polygon,1,220,0,Polygon,12,19960428,215.8,Line,100,19960428-7,22.8,27.24845,-92.00136,1284.6
1,dolphins,Polygon,1,220,0,Polygon,12,19960428,215.8,Line,101,19960428-8,22.8,27.46054,-91.99857,826.9
1,dolphins,Polygon,1,220,0,Polygon,12,19960428,215.8,Line,102,19960428-9,33.4,27.49981,-92.24964,956.6
1,dolphins,Polygon,1,220,0,Polygon,13,19960429,95.9,Line,103,19960429-1,20.8,26.46689,-92.99626,1832.6
1,dolphins,Polygon,1,220,0,Polygon,13,19960429,95.9,Line,104,19960429-2,20.8,26.27138,-93.00292,1961
1,dolphins,Polygon,1,220,0,Polygon,13,19960429,95.9,Line,105,19960429-3,20.8,26.18167,-93.1322,2423.6
1,dolphins,Polygon,1,220,0,Polygon,13,19960429,95.9,Line,106,19960429-4,33.5,26.05446,-93.38265,3072.9
1,dolphins,Polygon,1,220,0,Polygon,14,19960430,127.9,Line,107,19960430-1,13.6,27.50914,-94.14531,941.9
1,dolphins,Polygon,1,220,0,Polygon,14,19960430,127.9,Line,108,19960430-2,13.7,27.50291,-94.29219,1029.1
1,dolphins,Polygon,1,220,0,Polygon,14,19960430,127.9,Line,109,19960430-3,13.8,27.50035,-94.41791,985.5
1,dolphins,Polygon,1,220,0,Polygon,14,19960430,127.9,Line,110,19960430-4,13.5,27.49815,-94.56118,936.2
1,dolphins,Polygon,1,220,0,Polygon,14,19960430,127.9,Line,111,19960430-5,13.8,27.4974,-94.70376,939.7
1,dolphins,Polygon,1,220,0,Polygon,14,19960430,127.9,Line,112,19960430-6,13.9,27.49898,-94.84706,955.2
1,dolphins,Polygon,1,220,0,Polygon,14,19960430,127.9,Line,113,19960430-7,13.5,27.49622,-94.98135,1020.3
1,dolphins,Polygon,1,220,0,Polygon,14,19960430,127.9,Line,114,19960430-8,13.4,27.40568,-94.99483,1121,5,7258.98366,39,50,3,1,1,5
1,dolphins,Polygon,1,220,0,Polygon,14,19960430,127.9,Line,115,19960430-9,18.6,27.29568,-95.00711,1198.8
1,dolphins,Polygon,1,220,0,Polygon,15,19960501,191.1,Line,116,19960501-1,21,25.99644,-95.18865,2008.7
1,dolphins,Polygon,1,220,0,Polygon,15,19960501,191.1,Line,117,19960501-2,20.9,26.00375,-95.38544,1812.2
1,dolphins,Polygon,1,220,0,Polygon,15,19960501,191.1,Line,118,19960501-3,20.6,26.01699,-95.55622,1399
1,dolphins,Polygon,1,220,0,Polygon,15,19960501,191.1,Line,119,19960501-4,21,26.01533,-95.78558,989
1,dolphins,Polygon,1,220,0,Polygon,15,19960501,191.1,Line,120,19960501-5,20.9,26.01765,-95.97449,934.3,6,1454.7962248,39,45,5,1,1,6
1,dolphins,Polygon,1,220,0,Polygon,15,19960501,191.1,Line,121,19960501-6,20.3,26.14811,-95.99731,923.6
1,dolphins,Polygon,1,220,0,Polygon,15,19960501,191.1,Line,122,19960501-7,20.6,26.32758,-95.99689,901.1
1,dolphins,Polygon,1,220,0,Polygon,15,19960501,191.1,Line,123,19960501-8,20.9,26.4966,-95.99134,946.3
1,dolphins,Polygon,1,220,0,Polygon,15,19960501,191.1,Line,124,19960501-9,24.9,26.65876,-95.99545,898.5
1,dolphins,Polygon,1,220,0,Polygon,16,19960502,212.1,Line,125,19960502-1,22.9,27.77954,-95.78235,67.7
1,dolphins,Polygon,1,220,0,Polygon,16,19960502,212.1,Line,126,19960502-2,22.8,27.63112,-95.63351,382.1
1,dolphins,Polygon,1,220,0,Polygon,16,19960502,212.1,Line,127,19960502-3,22.5,27.54313,-95.4758,739.3
1,dolphins,Polygon,1,220,0,Polygon,16,19960502,212.1,Line,128,19960502-4,22.9,27.67938,-95.32285,473.3
1,dolphins,Polygon,1,220,0,Polygon,16,19960502,212.1,Line,129,19960502-5,22.9,27.83194,-95.16681,159.2
1,dolphins,Polygon,1,220,0,Polygon,16,19960502,212.1,Line,130,19960502-6,22.7,27.97812,-95.02099,78.8
1,dolphins,Polygon,1,220,0,Polygon,16,19960502,212.1,Line,131,19960502-7,22.5,27.99308,-94.85503,74.2
1,dolphins,Polygon,1,220,0,Polygon,16,19960502,212.1,Line,132,19960502-8,22.5,27.99775,-94.63011,65.3
1,dolphins,Polygon,1,220,0,Polygon,16,19960502,212.1,Line,133,19960502-9,30.4,27.99994,-94.4123,66.8
1,dolphins,Polygon,1,220,0,Polygon,17,19960503,215.3,Line,134,19960503-1,22.8,27.99928,-92.55569,103.1
1,dolphins,Polygon,1,220,0,Polygon,17,19960503,215.3,Line,135,19960503-2,22.6,28.01079,-92.36832,103.8
1,dolphins,Polygon,1,220,0,Polygon,17,19960503,215.3,Line,136,19960503-3,22.5,28.00277,-92.14057,105.1
1,dolphins,Polygon,1,220,0,Polygon,17,19960503,215.3,Line,137,19960503-4,22.6,27.97535,-91.98023,112.4
1,dolphins,Polygon,1,220,0,Polygon,17,19960503,215.3,Line,138,19960503-5,22.8,27.82497,-91.82742,241.5
1,dolphins,Polygon,1,220,0,Polygon,17,19960503,215.3,Line,139,19960503-6,22.6,27.67436,-91.69041,803.9
1,dolphins,Polygon,1,220,0,Polygon,17,19960503,215.3,Line,140,19960503-7,22.8,27.54178,-91.52764,939.4
1,dolphins,Polygon,1,220,0,Polygon,17,19960503,215.3,Line,141,19960503-8,22.9,27.6075,-91.38668,893.9
1,dolphins,Polygon,1,220,0,Polygon,17,19960503,215.3,Line,142,19960503-9,33.5,27.80673,-91.19871,405.9
1,dolphins,Polygon,1,220,0,Polygon,18,19960504,190.5,Line,143,19960504-1,20.8,28.10454,-89.82645,534.4
1,dolphins,Polygon,1,220,0,Polygon,18,19960504,190.5,Line,144,19960504-2,20.6,28.13781,-89.62195,784.6
1,dolphins,Polygon,1,220,0,Polygon,18,19960504,190.5,Line,145,19960504-3,20.9,28.19096,-89.42743,1024.2
1,dolphins,Polygon,1,220,0,Polygon,18,19960504,190.5,Line,146,19960504-4,20.6,28.32612,-89.29258,744.1,7,1184.2185322,39,40,1,1,1,7
1,dolphins,Polygon,1,220,0,Polygon,18,19960504,190.5,Line,147,19960504-5,20.5,28.46643,-89.18198,573.6
1,dolphins,Polygon,1,220,0,Polygon,18,19960504,190.5,Line,148,19960504-6,20.3,28.62259,-89.06515,603
1,dolphins,Polygon,1,220,0,Polygon,18,19960504,190.5,Line,149,19960504-7,20.7,28.77379,-88.94735,557.6
1,dolphins,Polygon,1,220,0,Polygon,18,19960504,190.5,Line,150,19960504-8,20.5,28.92587,-88.82694,302.8
1,dolphins,Polygon,1,220,0,Polygon,18,19960504,190.5,Line,151,19960504-9,25.7,29.09145,-88.68527,127.7
1,dolphins,Polygon,1,220,0,Polygon,19,19960508,173.3,Line,152,19960508-1,19,29.42457,-86.42429,199.8
1,dolphins,Polygon,1,220,0,Polygon,19,19960508,173.3,Line,153,19960508-2,18.9,29.30456,-86.30033,223.1
1,dolphins,Polygon,1,220,0,Polygon,19,19960508,173.3,Line,154,19960508-3,18.6,29.17826,-86.17768,236.5
1,dolphins,Polygon,1,220,0,Polygon,19,19960508,173.3,Line,155,19960508-4,18.8,29.02605,-86.03134,235
1,dolphins,Polygon,1,220,0,Polygon,19,19960508,173.3,Line,156,19960508-5,18.7,28.97123,-85.97945,231.2
1,dolphins,Polygon,1,220,0,Polygon,19,19960508,173.3,Line,157,19960508-6,18.9,28.83104,-85.85037,216.9
1,dolphins,Polygon,1,220,0,Polygon,19,19960508,173.3,Line,158,19960508-7,18.3,28.72562,-85.70976,196.1
1,dolphins,Polygon,1,220,0,Polygon,19,19960508,173.3,Line,159,19960508-8,18.9,28.59318,-85.59137,196.5
1,dolphins,Polygon,1,220,0,Polygon,19,19960508,173.3,Line,160,19960508-9,23.2,28.50079,-85.5023,193.8
1,dolphins,Polygon,1,220,0,Polygon,20,19960509,201.7,Line,161,19960509-1,21.6,27.03521,-85.00144,627.9
1,dolphins,Polygon,1,220,0,Polygon,20,19960509,201.7,Line,162,19960509-2,21.9,26.85961,-85.00066,1217
1,dolphins,Polygon,1,220,0,Polygon,20,19960509,201.7,Line,163,19960509-3,21.9,26.67047,-84.99919,2200.1
1,dolphins,Polygon,1,220,0,Polygon,20,19960509,201.7,Line,164,19960509-4,21.7,26.47925,-84.99677,2037.7
1,dolphins,Polygon,1,220,0,Polygon,20,19960509,201.7,Line,165,19960509-5,21.7,26.3224,-85.03347,2906,8,7537.8575999,39,220,5,1,1,8
1,dolphins,Polygon,1,220,0,Polygon,20,19960509,201.7,Line,166,19960509-6,21.9,26.12941,-85.00736,2936
1,dolphins,Polygon,1,220,0,Polygon,20,19960509,201.7,Line,167,19960509-7,21.5,25.99623,-84.98833,3416.2
1,dolphins,Polygon,1,220,0,Polygon,20,19960509,201.7,Line,168,19960509-8,21.9,25.99744,-84.81453,1248.9
1,dolphins,Polygon,1,220,0,Polygon,20,19960509,201.7,Line,169,19960509-9,27.5,25.99749,-84.57503,274.9
1,dolphins,Polygon,1,220,0,Polygon,21,19960510,191,Line,170,19960510-1,20.8,24.86625,-84.00296,214.8
1,dolphins,Polygon,1,220,0,Polygon,21,19960510,191,Line,171,19960510-2,20.6,24.68257,-83.99931,1006
1,dolphins,Polygon,1,220,0,Polygon,21,19960510,191,Line,172,19960510-3,20.5,24.48495,-83.98601,1901.4
1,dolphins,Polygon,1,220,0,Polygon,21,19960510,191,Line,173,19960510-4,20.6,24.4356,-84.06885,2279.9
1,dolphins,Polygon,1,220,0,Polygon,21,19960510,191,Line,174,19960510-5,20.8,24.45669,-84.13905,2627
1,dolphins,Polygon,1,220,0,Polygon,21,19960510,191,Line,175,19960510-6,20.5,24.49298,-83.94558,1687.2
1,dolphins,Polygon,1,220,0,Polygon,21,19960510,191,Line,176,19960510-7,20.7,24.47992,-83.74135,904.7
1,dolphins,Polygon,1,220,0,Polygon,21,19960510,191,Line,177,19960510-8,20.9,24.46229,-83.52927,338.8
1,dolphins,Polygon,1,220,0,Polygon,21,19960510,191,Line,178,19960510-9,25.6,24.44345,-83.39752,216.9
1,dolphins,Polygon,1,220,0,Polygon,22,19960512,203.2,Line,179,19960512-1,21.9,24.30993,-82.06541,218.9
1,dolphins,Polygon,1,220,0,Polygon,22,19960512,203.2,Line,180,19960512-2,22,24.29797,-82.26642,230.3
1,dolphins,Polygon,1,220,0,Polygon,22,19960512,203.2,Line,181,19960512-3,21.8,24.31789,-82.47709,118.6
1,dolphins,Polygon,1,220,0,Polygon,22,19960512,203.2,Line,182,19960512-4,21.6,24.3246,-82.686,104.6
1,dolphins,Polygon,1,220,0,Polygon,22,19960512,203.2,Line,183,19960512-5,21.9,24.34439,-82.89924,115.5
1,dolphins,Polygon,1,220,0,Polygon,22,19960512,203.2,Line,184,19960512-6,21.2,24.37283,-83.10624,141.3
1,dolphins,Polygon,1,220,0,Polygon,22,19960512,203.2,Line,185,19960512-7,21.6,24.37637,-83.26757,248.5
1,dolphins,Polygon,1,220,0,Polygon,22,19960512,203.2,Line,186,19960512-8,21.7,24.4097,-83.4549,379.6
1,dolphins,Polygon,1,220,0,Polygon,22,19960512,203.2,Line,187,19960512-9,29.4,24.42436,-83.67141,745.6,9,5453.3305663,39,100,2,1,1,9
1,dolphins,Polygon,1,220,0,Polygon,23,19960513,179.7,Line,188,19960513-1,18.8,24.69476,-85.00157,3388.5
1,dolphins,Polygon,1,220,0,Polygon,23,19960513,179.7,Line,189,19960513-2,18.8,24.83338,-85.01116,3362.5
1,dolphins,Polygon,1,220,0,Polygon,23,19960513,179.7,Line,190,19960513-3,18.7,24.97945,-85.00432,3344.8
1,dolphins,Polygon,1,220,0,Polygon,23,19960513,179.7,Line,191,19960513-4,19,24.99682,-85.14606,3334.8
1,dolphins,Polygon,1,220,0,Polygon,23,19960513,179.7,Line,192,19960513-5,18.8,25.00049,-85.33846,3322.1
1,dolphins,Polygon,1,220,0,Polygon,23,19960513,179.7,Line,193,19960513-6,18.4,24.9972,-85.49435,3298.3
1,dolphins,Polygon,1,220,0,Polygon,23,19960513,179.7,Line,194,19960513-7,18.7,24.99833,-85.62702,3294.2
1,dolphins,Polygon,1,220,0,Polygon,23,19960513,179.7,Line,195,19960513-8,18.8,25.00496,-85.81051,3290.5
1,dolphins,Polygon,1,220,0,Polygon,23,19960513,179.7,Line,196,19960513-9,29.8,25.01615,-85.98041,3284.7
1,dolphins,Polygon,1,220,0,Polygon,24,19960514,172.4,Line,197,19960514-1,18.9,26.10684,-85.99212,3241.9
1,dolphins,Polygon,1,220,0,Polygon,24,19960514,172.4,Line,198,19960514-2,18.9,26.28405,-86.00068,3209.3
1,dolphins,Polygon,1,220,0,Polygon,24,19960514,172.4,Line,199,19960514-3,18.5,26.45839,-85.99668,3212
1,dolphins,Polygon,1,220,0,Polygon,24,19960514,172.4,Line,200,19960514-4,19,26.6115,-85.98788,3214.5
1,dolphins,Polygon,1,220,0,Polygon,24,19960514,172.4,Line,201,19960514-5,18.9,26.74207,-86.00251,3243.8
1,dolphins,Polygon,1,220,0,Polygon,24,19960514,172.4,Line,202,19960514-6,18.9,26.92026,-85.99986,3226.9
1,dolphins,Polygon,1,220,0,Polygon,24,19960514,172.4,Line,203,19960514-7,18.8,27.0087,-85.97793,3219.4
1,dolphins,Polygon,1,220,0,Polygon,24,19960514,172.4,Line,204,19960514-8,18.8,27.12361,-85.96483,3234.8
1,dolphins,Polygon,1,220,0,Polygon,24,19960514,172.4,Line,205,19960514-9,21.7,27.31262,-85.99226,3227.1
1,dolphins,Polygon,1,220,0,Polygon,25,19960515,149.3,Line,206,19960515-1,15.8,28.69245,-86.1913,329.8
1,dolphins,Polygon,1,220,0,Polygon,25,19960515,149.3,Line,207,19960515-2,15.7,28.80133,-86.30126,341.3
1,dolphins,Polygon,1,220,0,Polygon,25,19960515,149.3,Line,208,19960515-3,15.8,28.90701,-86.40943,356
1,dolphins,Polygon,1,220,0,Polygon,25,19960515,149.3,Line,209,19960515-4,15.9,28.99133,-86.46401,363.6
1,dolphins,Polygon,1,220,0,Polygon,25,19960515,149.3,Line,210,19960515-5,16,28.97104,-86.37381,339.7
1,dolphins,Polygon,1,220,0,Polygon,25,19960515,149.3,Line,211,19960515-6,15.6,28.98613,-86.50116,376.7
1,dolphins,Polygon,1,220,0,Polygon,25,19960515,149.3,Line,212,19960515-7,15.5,28.99787,-86.6456,429.8
1,dolphins,Polygon,1,220,0,Polygon,25,19960515,149.3,Line,213,19960515-8,16,29.002,-86.81066,514.1
1,dolphins,Polygon,1,220,0,Polygon,25,19960515,149.3,Line,214,19960515-9,22.9,28.96473,-86.97691,643.2,10,587.89550615,39,35,5,1,1,10
1,dolphins,Polygon,1,220,0,Polygon,26,19960516,178.7,Line,215,19960516-1,18.6,27.35145,-87.00699,3012.7
1,dolphins,Polygon,1,220,0,Polygon,26,19960516,178.7,Line,216,19960516-2,18.6,27.18406,-86.99896,3000.1
1,dolphins,Polygon,1,220,0,Polygon,26,19960516,178.7,Line,217,19960516-3,18.7,27.02061,-86.99088,2973.9
1,dolphins,Polygon,1,220,0,Polygon,26,19960516,178.7,Line,218,19960516-4,18.7,26.89116,-86.98164,2976.1
1,dolphins,Polygon,1,220,0,Polygon,26,19960516,178.7,Line,219,19960516-5,18.5,26.72705,-86.9901,2957.6
1,dolphins,Polygon,1,220,0,Polygon,26,19960516,178.7,Line,220,19960516-6,18.9,26.54253,-86.99322,2988.3
1,dolphins,Polygon,1,220,0,Polygon,26,19960516,178.7,Line,221,19960516-7,18.9,26.41404,-86.99516,3024
1,dolphins,Polygon,1,220,0,Polygon,26,19960516,178.7,Line,222,19960516-8,18.8,26.27782,-87.00246,3076
1,dolphins,Polygon,1,220,0,Polygon,26,19960516,178.7,Line,223,19960516-9,29,26.16875,-87.18614,3109.5
1,dolphins,Polygon,1,220,0,Polygon,27,19960517,202.2,Line,224,19960517-1,21.4,26.70434,-87.99417,2763.1
1,dolphins,Polygon,1,220,0,Polygon,27,19960517,202.2,Line,225,19960517-2,21.8,26.89056,-87.98859,2769.9
1,dolphins,Polygon,1,220,0,Polygon,27,19960517,202.2,Line,226,19960517-3,21.4,27.02314,-87.99342,2751.1,11,956.50704548,39,150,3,1,1,11
1,dolphins,Polygon,1,220,0,Polygon,27,19960517,202.2,Line,227,19960517-4,21.4,27.2277,-88,2680.3
1,dolphins,Polygon,1,220,0,Polygon,27,19960517,202.2,Line,228,19960517-5,21.4,27.41031,-87.99406,2595.2
1,dolphins,Polygon,1,220,0,Polygon,27,19960517,202.2,Line,229,19960517-6,21.7,27.513,-87.99906,2598.5
1,dolphins,Polygon,1,220,0,Polygon,27,19960517,202.2,Line,230,19960517-7,21.8,27.70634,-87.99884,2594.6
1,dolphins,Polygon,1,220,0,Polygon,27,19960517,202.2,Line,231,19960517-8,21.8,27.89318,-87.99276,2521.3
1,dolphins,Polygon,1,220,0,Polygon,27,19960517,202.2,Line,232,19960517-9,29.5,28.04573,-87.99906,2451.8,12,5475.1847255,39,300,2,1,1,12
1,dolphins,Polygon,1,220,0,Polygon,27,19960517,202.2,Line,232,19960517-9,29.5,28.04573,-87.99906,2451.8,13,2749.8478123,39,200,2,1,1,13
1,dolphins,Polygon,1,220,0,Polygon,28,19960518,223.5,Line,233,19960518-1,23.9,29.66644,-88.00112,36.6
1,dolphins,Polygon,1,220,0,Polygon,28,19960518,223.5,Line,234,19960518-2,23.5,29.5357,-88.10905,40.6
1,dolphins,Polygon,1,220,0,Polygon,28,19960518,223.5,Line,235,19960518-3,23.8,29.35836,-88.2217,61.3
1,dolphins,Polygon,1,220,0,Polygon,28,19960518,223.5,Line,236,19960518-4,23.8,29.22347,-88.34002,119.5
1,dolphins,Polygon,1,220,0,Polygon,28,19960518,223.5,Line,237,19960518-5,23.9,29.04472,-88.46298,441.1
1,dolphins,Polygon,1,220,0,Polygon,28,19960518,223.5,Line,238,19960518-6,23.5,29.00581,-88.59452,410.3
1,dolphins,Polygon,1,220,0,Polygon,28,19960518,223.5,Line,239,19960518-7,23.5,29.02121,-88.80015,154.4
1,dolphins,Polygon,1,220,0,Polygon,28,19960518,223.5,Line,240,19960518-8,23.8,28.99066,-88.98463,82.3
1,dolphins,Polygon,1,220,0,Polygon,28,19960518,223.5,Line,241,19960518-9,33.7,28.77027,-88.99982,463.5
1,dolphins,Polygon,1,220,0,Polygon,29,19960519,204.6,Line,242,19960519-1,21.9,27.16927,-88.99816,2125
1,dolphins,Polygon,1,220,0,Polygon,29,19960519,204.6,Line,243,19960519-2,22,27.0301,-89.00045,2281.6,14,127.17066086,39,200,3,1,1,14
1,dolphins,Polygon,1,220,0,Polygon,29,19960519,204.6,Line,244,19960519-3,21.9,26.90749,-89.0022,2401.6
1,dolphins,Polygon,1,220,0,Polygon,29,19960519,204.6,Line,245,19960519-4,21.9,26.71832,-88.99751,2589.1,15,5144.946568,39,650,3,1,1,15
1,dolphins,Polygon,1,220,0,Polygon,29,19960519,204.6,Line,246,19960519-5,21.9,26.56394,-89.00863,2708.3
1,dolphins,Polygon,1,220,0,Polygon,29,19960519,204.6,Line,247,19960519-6,21.8,26.43559,-88.9775,2773.7
1,dolphins,Polygon,1,220,0,Polygon,29,19960519,204.6,Line,248,19960519-7,21.8,26.215,-88.98529,2928.7
1,dolphins,Polygon,1,220,0,Polygon,29,19960519,204.6,Line,249,19960519-8,21.7,26.00579,-88.99296,3065.5
1,dolphins,Polygon,1,220,0,Polygon,29,19960519,204.6,Line,250,19960519-9,29.8,25.98156,-89.15002,3111.1
1,dolphins,Polygon,1,220,0,Polygon,30,19960520,207.6,Line,251,19960520-1,21.8,26.64559,-89.9938,2833.6
1,dolphins,Polygon,1,220,0,Polygon,30,19960520,207.6,Line,252,19960520-2,21.7,26.8345,-89.99983,2618.9
1,dolphins,Polygon,1,220,0,Polygon,30,19960520,207.6,Line,253,19960520-3,21.9,27.01285,-89.99815,2340.5
1,dolphins,Polygon,1,220,0,Polygon,30,19960520,207.6,Line,254,19960520-4,21.6,27.18854,-89.99935,1753.2,16,910.16290782,39,150,3,1,1,16
1,dolphins,Polygon,1,220,0,Polygon,30,19960520,207.6,Line,255,19960520-5,21.9,27.3707,-89.9987,1232.3,17,3017.9125584,39,150,3,1,1,17
1,dolphins,Polygon,1,220,0,Polygon,30,19960520,207.6,Line,256,19960520-6,21.7,27.52118,-89.99475,1222.4
1,dolphins,Polygon,1,220,0,Polygon,30,19960520,207.6,Line,257,19960520-7,21.9,27.71389,-90.0014,916.5
1,dolphins,Polygon,1,220,0,Polygon,30,19960520,207.6,Line,258,19960520-8,21.9,27.92932,-89.9968,627.3
1,dolphins,Polygon,1,220,0,Polygon,30,19960520,207.6,Line,259,19960520-9,33.2,28.00888,-90.086,473.8
1,dolphins,Polygon,1,220,0,Polygon,31,19960521,197.1,Line,260,19960521-1,20.8,27.30706,-91.01122,1374.8,18,986.55567426,39,20,3,1,1,18
1,dolphins,Polygon,1,220,0,Polygon,31,19960521,197.1,Line,260,19960521-1,20.8,27.30706,-91.01122,1374.8,19,1011.1493467,39,18,3,1,1,19
1,dolphins,Polygon,1,220,0,Polygon,31,19960521,197.1,Line,260,19960521-1,20.8,27.30706,-91.01122,1374.8,20,3691.5930414,39,15,3,1,1,20
1,dolphins,Polygon,1,220,0,Polygon,31,19960521,197.1,Line,261,19960521-2,20.9,27.14012,-90.99584,1610.2,21,1265.324274,39,20,3,1,1,21
1,dolphins,Polygon,1,220,0,Polygon,31,19960521,197.1,Line,262,19960521-3,20.9,26.98662,-91.0035,1867.6
1,dolphins,Polygon,1,220,0,Polygon,31,19960521,197.1,Line,263,19960521-4,20.7,26.85477,-90.99737,2028.3
1,dolphins,Polygon,1,220,0,Polygon,31,19960521,197.1,Line,264,19960521-5,21,26.7798,-91.02523,2034.6
1,dolphins,Polygon,1,220,0,Polygon,31,19960521,197.1,Line,265,19960521-6,20.9,26.61086,-91.01242,2070
1,dolphins,Polygon,1,220,0,Polygon,31,19960521,197.1,Line,266,19960521-7,20.8,26.43879,-90.98824,2190.4
1,dolphins,Polygon,1,220,0,Polygon,31,19960521,197.1,Line,267,19960521-8,20.9,26.23605,-91.00022,2495.5
1,dolphins,Polygon,1,220,0,Polygon,31,19960521,197.1,Line,268,19960521-9,30.1,26.03289,-91.01292,3165
1,dolphins,Polygon,1,220,0,Polygon,32,19960522,207.8,Line,269,19960522-1,21.6,26.5812,-91.99342,2000.4
1,dolphins,Polygon,1,220,0,Polygon,32,19960522,207.8,Line,270,19960522-2,21.7,26.73066,-91.99624,1867.8,22,7080.1049249,39,45,1,1,1,22
1,dolphins,Polygon,1,220,0,Polygon,32,19960522,207.8,Line,270,19960522-2,21.7,26.73066,-91.99624,1867.8,23,2492.2023082,39,40,1,1,1,23
1,dolphins,Polygon,1,220,0,Polygon,32,19960522,207.8,Line,270,19960522-2,21.7,26.73066,-91.99624,1867.8,24,1390.3702117,39,45,1,1,1,24
1,dolphins,Polygon,1,220,0,Polygon,32,19960522,207.8,Line,271,19960522-3,21.9,26.92785,-91.99763,1763.6,25,1728.0159243,39,20,1,1,1,25
1,dolphins,Polygon,1,220,0,Polygon,32,19960522,207.8,Line,272,19960522-4,22,27.0611,-92.00044,1549.4,26,1159.3680138,39,17,1,1,1,26
1,dolphins,Polygon,1,220,0,Polygon,32,19960522,207.8,Line,273,19960522-5,21.9,27.21758,-92.02621,1377.8,27,635.00168855,39,25,1,1,1,27
1,dolphins,Polygon,1,220,0,Polygon,32,19960522,207.8,Line,274,19960522-6,22,27.3748,-92.00372,970.1,28,1219.070054,39,175,1,1,1,28
1,dolphins,Polygon,1,220,0,Polygon,32,19960522,207.8,Line,275,19960522-7,21.8,27.55329,-91.97241,779.9,29,3538.0276005,39,30,1,1,1,29
1,dolphins,Polygon,1,220,0,Polygon,32,19960522,207.8,Line,276,19960522-8,21.6,27.73243,-91.96813,500.6
1,dolphins,Polygon,1,220,0,Polygon,32,19960522,207.8,Line,277,19960522-9,33.2,27.92112,-91.94801,140.5
1,dolphins,Polygon,1,220,0,Polygon,33,19960523,185.4,Line,278,19960523-1,19.4,27.58178,-92.96411,495.6
1,dolphins,Polygon,1,220,0,Polygon,33,19960523,185.4,Line,279,19960523-2,20,27.46335,-92.98205,786.2,30,6048.6224095,39,100,2,1,1,30
1,dolphins,Polygon,1,220,0,Polygon,33,19960523,185.4,Line,280,19960523-3,19.7,27.31088,-93.00042,895.1,31,4461.9807151,39,115,2,1,1,31
1,dolphins,Polygon,1,220,0,Polygon,33,19960523,185.4,Line,281,19960523-4,19.9,27.20534,-93.02696,1003.8
1,dolphins,Polygon,1,220,0,Polygon,33,19960523,185.4,Line,282,19960523-5,19.9,27.02731,-92.99753,1229.1
1,dolphins,Polygon,1,220,0,Polygon,33,19960523,185.4,Line,283,19960523-6,19.5,26.88307,-93.00034,1351
1,dolphins,Polygon,1,220,0,Polygon,33,19960523,185.4,Line,284,19960523-7,19.6,26.71116,-92.99826,1564
1,dolphins,Polygon,1,220,0,Polygon,33,19960523,185.4,Line,285,19960523-8,19.9,26.52178,-92.99844,1785.5
1,dolphins,Polygon,1,220,0,Polygon,33,19960523,185.4,Line,286,19960523-9,27.4,26.34889,-93.00778,1908
1,dolphins,Polygon,1,220,0,Polygon,34,19960524,192.9,Line,287,19960524-1,21,26.39975,-93.98738,1701.3
1,dolphins,Polygon,1,220,0,Polygon,34,19960524,192.9,Line,288,19960524-2,20.7,26.54381,-93.99647,1573.9
1,dolphins,Polygon,1,220,0,Polygon,34,19960524,192.9,Line,289,19960524-3,20.7,26.74588,-94.00039,1295
1,dolphins,Polygon,1,220,0,Polygon,34,19960524,192.9,Line,290,19960524-4,21,26.9585,-93.99819,1220.6
1,dolphins,Polygon,1,220,0,Polygon,34,19960524,192.9,Line,291,19960524-5,20.5,27.07868,-93.98954,1171.6
1,dolphins,Polygon,1,220,0,Polygon,34,19960524,192.9,Line,292,19960524-6,20.9,27.26291,-93.98856,986
1,dolphins,Polygon,1,220,0,Polygon,34,19960524,192.9,Line,293,19960524-7,20.9,27.46106,-93.99764,896.2
1,dolphins,Polygon,1,220,0,Polygon,34,19960524,192.9,Line,294,19960524-8,20.8,27.5082,-93.89422,752.7
1,dolphins,Polygon,1,220,0,Polygon,34,19960524,192.9,Line,295,19960524-9,26.6,27.573,-93.65961,522.8
1,dolphins,Polygon,1,220,0,Polygon,35,19960525,259.7,Line,296,19960525-1,26.7,28.13228,-91.06302,94.1
1,dolphins,Polygon,1,220,0,Polygon,35,19960525,259.7,Line,297,19960525-2,26.3,28.18065,-90.81177,79.6
1,dolphins,Polygon,1,220,0,Polygon,35,19960525,259.7,Line,298,19960525-3,26.6,28.24812,-90.54476,62.5
1,dolphins,Polygon,1,220,0,Polygon,35,19960525,259.7,Line,299,19960525-4,26.7,28.31728,-90.29319,61.4
1,dolphins,Polygon,1,220,0,Polygon,35,19960525,259.7,Line,300,19960525-5,26.9,28.37234,-90.0238,122.5
1,dolphins,Polygon,1,220,0,Polygon,35,19960525,259.7,Line,301,19960525-6,26.7,28.42268,-89.75661,509.8
1,dolphins,Polygon,1,220,0,Polygon,35,19960525,259.7,Line,302,19960525-7,26.6,28.47003,-89.49472,474,32,1278.9130952,39,25,5,1,1,32
1,dolphins,Polygon,1,220,0,Polygon,35,19960525,259.7,Line,303,19960525-8,26.8,28.51407,-89.22386,449.2
1,dolphins,Polygon,1,220,0,Polygon,35,19960525,259.7,Line,304,19960525-9,46.3,28.71576,-88.96443,621.8
1,dolphins,Polygon,1,220,0,Polygon,36,19960529,57.4,Line,305,19960529-1,12.4,29.73567,-88.11635,34.4
1,dolphins,Polygon,1,220,0,Polygon,36,19960529,57.4,Line,306,19960529-2,12.4,29.67082,-88.02156,36.5
1,dolphins,Polygon,1,220,0,Polygon,36,19960529,57.4,Line,307,19960529-3,12.5,29.59401,-87.92417,38.2
1,dolphins,Polygon,1,220,0,Polygon,36,19960529,57.4,Line,308,19960529-4,20,29.48768,-87.80749,52.2
1,dolphins,Polygon,1,220,0,Polygon,37,19960530,254.7,Line,309,19960530-1,26.6,27.9539,-86.18542,1559
1,dolphins,Polygon,1,220,0,Polygon,37,19960530,254.7,Line,310,19960530-2,26.9,27.80389,-86.02894,3018.4,33,572.45433405,39,40,4,1,1,33
1,dolphins,Polygon,1,220,0,Polygon,37,19960530,254.7,Line,310,19960530-2,26.9,27.80389,-86.02894,3018.4,34,1137.7945174,39,60,4,1,1,34
1,dolphins,Polygon,1,220,0,Polygon,37,19960530,254.7,Line,311,19960530-3,26.4,27.6405,-85.84923,3266.7
1,dolphins,Polygon,1,220,0,Polygon,37,19960530,254.7,Line,312,19960530-4,26.7,27.55318,-85.67444,3186.2,35,6859.2826662,39,48,3,1,1,35
1,dolphins,Polygon,1,220,0,Polygon,37,19960530,254.7,Line,312,19960530-4,26.7,27.55318,-85.67444,3186.2,36,7847.4667515,39,115,3,1,1,36
1,dolphins,Polygon,1,220,0,Polygon,37,19960530,254.7,Line,313,19960530-5,26.5,27.36299,-85.55268,2994.9
1,dolphins,Polygon,1,220,0,Polygon,37,19960530,254.7,Line,314,19960530-6,26.4,27.27883,-85.40169,1575.6,37,4125.1617731,39,65,4,1,1,37
1,dolphins,Polygon,1,220,0,Polygon,37,19960530,254.7,Line,315,19960530-7,26.9,27.41168,-85.16577,669.9,38,2500.7040567,39,20,4,1,1,38
1,dolphins,Polygon,1,220,0,Polygon,37,19960530,254.7,Line,316,19960530-8,26.4,27.54352,-84.93263,310.7
1,dolphins,Polygon,1,220,0,Polygon,37,19960530,254.7,Line,317,19960530-9,41.9,27.71279,-84.64034,158.9
1,dolphins,Polygon,1,220,0,Polygon,38,19960531,208,Line,318,19960531-1,21.9,28.12454,-84.8868,132.2
1,dolphins,Polygon,1,220,0,Polygon,38,19960531,208,Line,319,19960531-2,21.7,27.99297,-85.05283,256.8
1,dolphins,Polygon,1,220,0,Polygon,38,19960531,208,Line,320,19960531-3,21.7,27.86586,-85.2355,446.6
1,dolphins,Polygon,1,220,0,Polygon,38,19960531,208,Line,321,19960531-4,21.9,27.7711,-85.39016,648.7
1,dolphins,Polygon,1,220,0,Polygon,38,19960531,208,Line,322,19960531-5,21.5,27.698,-85.54626,922.9,39,6696.8964288,39,40,2,1,1,39
1,dolphins,Polygon,1,220,0,Polygon,38,19960531,208,Line,323,19960531-6,21.8,27.65712,-85.63229,1404.2,40,5240.2053266,39,175,2,1,1,40
1,dolphins,Polygon,1,220,0,Polygon,38,19960531,208,Line,324,19960531-7,21.5,27.77746,-85.78962,1439.2,41,3989.3349624,39,50,3,1,1,41
1,dolphins,Polygon,1,220,0,Polygon,38,19960531,208,Line,325,19960531-8,21.9,27.94143,-85.72118,757.3
1,dolphins,Polygon,1,220,0,Polygon,38,19960531,208,Line,326,19960531-9,34.2,28.14456,-85.58515,426.3
1,dolphins,Polygon,1,220,0,Polygon,39,19960602,207.8,Line,327,19960602-1,21.9,29.10961,-85.62828,108.3
1,dolphins,Polygon,1,220,0,Polygon,39,19960602,207.8,Line,328,19960602-2,21.7,28.99342,-85.67212,155.9
1,dolphins,Polygon,1,220,0,Polygon,39,19960602,207.8,Line,329,19960602-3,21.9,28.85614,-85.69996,180
1,dolphins,Polygon,1,220,0,Polygon,39,19960602,207.8,Line,330,19960602-4,21.9,28.67956,-85.78299,225.4
1,dolphins,Polygon,1,220,0,Polygon,39,19960602,207.8,Line,331,19960602-5,21.8,28.51684,-85.84202,280.3
1,dolphins,Polygon,1,220,0,Polygon,39,19960602,207.8,Line,332,19960602-6,22,28.31188,-85.91838,409.6
1,dolphins,Polygon,1,220,0,Polygon,39,19960602,207.8,Line,333,19960602-7,22,28.11689,-85.9862,690.6
1,dolphins,Polygon,1,220,0,Polygon,39,19960602,207.8,Line,334,19960602-8,21.9,27.9781,-86.03757,1227
1,dolphins,Polygon,1,220,0,Polygon,39,19960602,207.8,Line,335,19960602-9,32.7,27.83389,-86.12442,2887.2
1,dolphins,Polygon,1,220,0,Polygon,40,19960603,233.1,Line,336,19960603-1,24.7,28.05566,-86.16002,920.2
1,dolphins,Polygon,1,220,0,Polygon,40,19960603,233.1,Line,337,19960603-2,24.7,28.26715,-86.18029,583.2,42,4802.7007254,39,120,3,1,1,42
1,dolphins,Polygon,1,220,0,Polygon,40,19960603,233.1,Line,338,19960603-3,24.7,28.48809,-86.18892,398.1
1,dolphins,Polygon,1,220,0,Polygon,40,19960603,233.1,Line,339,19960603-4,25,28.65686,-86.21772,345.2
1,dolphins,Polygon,1,220,0,Polygon,40,19960603,233.1,Line,340,19960603-5,24.5,28.81755,-86.21181,317.5
1,dolphins,Polygon,1,220,0,Polygon,40,19960603,233.1,Line,341,19960603-6,24.6,29.06126,-86.22508,284.7
1,dolphins,Polygon,1,220,0,Polygon,40,19960603,233.1,Line,342,19960603-7,24.8,29.27174,-86.23211,213.5
1,dolphins,Polygon,1,220,0,Polygon,40,19960603,233.1,Line,343,19960603-8,24.9,29.42288,-86.2407,134.5
1,dolphins,Polygon,1,220,0,Polygon,40,19960603,233.1,Line,344,19960603-9,35.3,29.65395,-86.24203,65.6
1,dolphins,Polygon,1,220,0,Polygon,41,19960604,206.8,Line,345,19960604-1,21.7,29.91812,-86.25294,48.1
1,dolphins,Polygon,1,220,0,Polygon,41,19960604,206.8,Line,346,19960604-2,21.4,30.10527,-86.28207,32.6
1,dolphins,Polygon,1,220,0,Polygon,41,19960604,206.8,Line,347,19960604-3,22,30.20409,-86.34992,28.3
1,dolphins,Polygon,1,220,0,Polygon,41,19960604,206.8,Line,348,19960604-4,22,30.16957,-86.51351,28.8
1,dolphins,Polygon,1,220,0,Polygon,41,19960604,206.8,Line,349,19960604-5,22,30.03723,-86.52567,46.9
1,dolphins,Polygon,1,220,0,Polygon,41,19960604,206.8,Line,350,19960604-6,21.6,29.84029,-86.53684,89.8
1,dolphins,Polygon,1,220,0,Polygon,41,19960604,206.8,Line,351,19960604-7,21.8,29.65645,-86.552,145.8
1,dolphins,Polygon,1,220,0,Polygon,41,19960604,206.8,Line,352,19960604-8,22,29.49017,-86.56618,215.8
1,dolphins,Polygon,1,220,0,Polygon,41,19960604,206.8,Line,353,19960604-9,32.4,29.33186,-86.60608,333.6
1,dolphins,Polygon,1,220,0,Polygon,42,19960605,200.2,Line,354,19960605-1,22,29.15042,-86.62362,397.2
1,dolphins,Polygon,1,220,0,Polygon,42,19960605,200.2,Line,355,19960605-2,21.5,29.02705,-86.62164,415.2
1,dolphins,Polygon,1,220,0,Polygon,42,19960605,200.2,Line,356,19960605-3,21.8,28.95984,-86.57438,404
1,dolphins,Polygon,1,220,0,Polygon,42,19960605,200.2,Line,357,19960605-4,21.4,28.83919,-86.62344,443.1
1,dolphins,Polygon,1,220,0,Polygon,42,19960605,200.2,Line,358,19960605-5,21.6,28.67664,-86.64354,504.8
1,dolphins,Polygon,1,220,0,Polygon,42,19960605,200.2,Line,359,19960605-6,21.4,28.52122,-86.65166,590.6
1,dolphins,Polygon,1,220,0,Polygon,42,19960605,200.2,Line,360,19960605-7,22,28.32624,-86.64828,760.8,43,2147.3121635,39,200,3,1,1,43
1,dolphins,Polygon,1,220,0,Polygon,42,19960605,200.2,Line,361,19960605-8,21.9,28.20403,-86.6607,1037.5
1,dolphins,Polygon,1,220,0,Polygon,42,19960605,200.2,Line,362,19960605-9,26.6,28.13593,-86.74013,1942.4,44,1493.2737949,39,100,3,1,1,44
1,dolphins,Polygon,1,220,0,Polygon,43,19960606,208.2,Line,363,19960606-1,21.9,28.27519,-86.84207,1037.7,45,265.03701396,39,85,2,1,1,45
1,dolphins,Polygon,1,220,0,Polygon,43,19960606,208.2,Line,364,19960606-2,21.6,28.45645,-86.85282,756.6,46,1514.992629,39,85,3,1,1,46
1,dolphins,Polygon,1,220,0,Polygon,43,19960606,208.2,Line,365,19960606-3,21.6,28.6408,-86.87299,650.8
1,dolphins,Polygon,1,220,0,Polygon,43,19960606,208.2,Line,366,19960606-4,21.8,28.81971,-86.89509,596.2
1,dolphins,Polygon,1,220,0,Polygon,43,19960606,208.2,Line,367,19960606-5,21.9,29.02087,-86.91148,579.4
1,dolphins,Polygon,1,220,0,Polygon,43,19960606,208.2,Line,368,19960606-6,22,29.20731,-86.93014,574.8
1,dolphins,Polygon,1,220,0,Polygon,43,19960606,208.2,Line,369,19960606-7,21.5,29.39966,-86.9378,521.6
1,dolphins,Polygon,1,220,0,Polygon,43,19960606,208.2,Line,370,19960606-8,21.6,29.48606,-86.85731,340
1,dolphins,Polygon,1,220,0,Polygon,43,19960606,208.2,Line,371,19960606-9,34.3,29.68321,-86.99201,219.6
1,dolphins,Polygon,1,220,0,Polygon,44,19960607,159.9,Line,372,19960607-1,16.4,29.79594,-86.99739,184.7
1,dolphins,Polygon,1,220,0,Polygon,44,19960607,159.9,Line,373,19960607-2,16.4,29.92043,-86.98772,144.3
1,dolphins,Polygon,1,220,0,Polygon,44,19960607,159.9,Line,374,19960607-3,16.9,30.04747,-87.01898,58.9
1,dolphins,Polygon,1,220,0,Polygon,44,19960607,159.9,Line,375,19960607-4,16.8,30.17229,-87.04017,26.1
1,dolphins,Polygon,1,220,0,Polygon,44,19960607,159.9,Line,376,19960607-5,16.4,30.066,-87.11039,29.4
1,dolphins,Polygon,1,220,0,Polygon,44,19960607,159.9,Line,377,19960607-6,16.5,29.94109,-87.14662,56.8
1,dolphins,Polygon,1,220,0,Polygon,44,19960607,159.9,Line,378,19960607-7,16.7,29.83456,-87.23851,79.2
1,dolphins,Polygon,1,220,0,Polygon,44,19960607,159.9,Line,379,19960607-8,16.6,29.68807,-87.28762,177.1
1,dolphins,Polygon,1,220,0,Polygon,44,19960607,159.9,Line,380,19960607-9,27.3,29.49073,-87.29996,329.6
1,dolphins,Polygon,1,220,0,Polygon,45,19960608,115.3,Line,381,19960608-1,12.6,28.62954,-87.62307,2420.3
1,dolphins,Polygon,1,220,0,Polygon,45,19960608,115.3,Line,382,19960608-2,12.8,28.75653,-87.63193,2273.6
1,dolphins,Polygon,1,220,0,Polygon,45,19960608,115.3,Line,383,19960608-3,12.4,28.8586,-87.63687,2035.7
1,dolphins,Polygon,1,220,0,Polygon,45,19960608,115.3,Line,384,19960608-4,1.3,28.92258,-87.64108,1856.5
1,dolphins,Polygon,1,220,0,Polygon,45,19960608,115.3,Line,385,19960608-5,21.9,28.93083,-87.64217,1859
1,dolphins,Polygon,1,220,0,Polygon,45,19960608,115.3,Line,386,19960608-6,12.9,29.17019,-87.6508,1025.9,47,5782.0533392,39,75,4,1,1,47
1,dolphins,Polygon,1,220,0,Polygon,45,19960608,115.3,Line,387,19960608-7,41.3,29.4052,-87.67151,171.4